TIR (%),Avg Glucose (mg/dL),CV (%)
100.0,108.98350242063215,1.817594331763908
