TIR (%),Avg Glucose (mg/dL),CV (%)
100.0,106.54739333537509,4.51418641767309
