TIR (%),Avg Glucose (mg/dL),CV (%)
100.0,107.24607545700253,2.9006073489410253
