TIR (%),Avg Glucose (mg/dL),CV (%)
100.0,109.05659311216587,1.8596466022211797
