TIR (%),Avg Glucose (mg/dL),CV (%)
100.0,107.40889243732182,2.660910318844986
