TIR (%),Avg Glucose (mg/dL),CV (%)
100.0,108.97792573781315,1.8223624090197688
