TIR (%),Avg Glucose (mg/dL),CV (%)
100.0,107.85233266269901,2.7417926725415365
