TIR (%),Avg Glucose (mg/dL),CV (%)
100.0,107.44400680926982,2.618577909906068
