TIR (%),Avg Glucose (mg/dL),CV (%)
100.0,108.98830352740244,1.8291250857222767
