TIR (%),Avg Glucose (mg/dL),CV (%)
100.0,109.05524891213398,1.7978979408162084
