TIR (%),Avg Glucose (mg/dL),CV (%)
100.0,108.88996211763576,2.845418088034578
