TIR (%),Avg Glucose (mg/dL),CV (%)
100.0,108.7215284398514,2.9341002618181005
