TIR (%),Avg Glucose (mg/dL),CV (%)
100.0,108.04269402864696,2.30650370026048
