TIR (%),Avg Glucose (mg/dL),CV (%)
100.0,108.72153034883253,2.93409784993238
