TIR (%),Avg Glucose (mg/dL),CV (%)
100.0,107.35497639466811,2.539050723293465
