TIR (%),Avg Glucose (mg/dL),CV (%)
100.0,106.67399973341388,4.2518035074495755
