TIR (%),Avg Glucose (mg/dL),CV (%)
100.0,108.72155317175215,2.934071846690436
