TIR (%),Avg Glucose (mg/dL),CV (%)
100.0,107.52126023085653,2.250244107518009
