TIR (%),Avg Glucose (mg/dL),CV (%)
100.0,107.56069220114655,2.194186846333356
