TIR (%),Avg Glucose (mg/dL),CV (%)
100.0,108.72152967922699,2.9340986936540228
