TIR (%),Avg Glucose (mg/dL),CV (%)
100.0,108.03505108674338,2.2992646346519985
