TIR (%),Avg Glucose (mg/dL),CV (%)
100.0,108.76153313926687,3.2088106790175077
