TIR (%),Avg Glucose (mg/dL),CV (%)
100.0,107.59631022902391,2.2424150415556494
