TIR (%),Avg Glucose (mg/dL),CV (%)
100.0,108.77225070961488,3.2245548917079225
