TIR (%),Avg Glucose (mg/dL),CV (%)
100.0,107.63533217739663,2.184306395423014
