TIR (%),Avg Glucose (mg/dL),CV (%)
100.0,107.43020556746079,2.541648641692395
