TIR (%),Avg Glucose (mg/dL),CV (%)
100.0,106.74261241256093,4.301278029607603
