TIR (%),Avg Glucose (mg/dL),CV (%)
100.0,108.76152016011564,3.2088400914493067
