TIR (%),Avg Glucose (mg/dL),CV (%)
100.0,108.95931645166003,1.8657199212249276
