TIR (%),Avg Glucose (mg/dL),CV (%)
100.0,107.07386482170203,3.941079937099709
