TIR (%),Avg Glucose (mg/dL),CV (%)
100.0,107.74071712255599,2.182524472076506
