TIR (%),Avg Glucose (mg/dL),CV (%)
100.0,108.98327189953446,1.9431930728314655
