TIR (%),Avg Glucose (mg/dL),CV (%)
100.0,108.97195372783705,1.8529524946702367
