TIR (%),Avg Glucose (mg/dL),CV (%)
100.0,108.38116193356593,1.8866612413052608
