TIR (%),Avg Glucose (mg/dL),CV (%)
100.0,109.00059983160281,1.8636578709699443
