TIR (%),Avg Glucose (mg/dL),CV (%)
100.0,107.91095001938331,1.8612933659209945
