TIR (%),Avg Glucose (mg/dL),CV (%)
100.0,107.95879615689006,1.7921460251398524
