TIR (%),Avg Glucose (mg/dL),CV (%)
100.0,108.95649447831397,1.8731279485314012
