TIR (%),Avg Glucose (mg/dL),CV (%)
100.0,108.65558694758789,2.9048509062325514
