TIR (%),Avg Glucose (mg/dL),CV (%)
100.0,108.655610432748,2.9048113906185358
