TIR (%),Avg Glucose (mg/dL),CV (%)
100.0,107.30778042316949,2.7536915073127615
