TIR (%),Avg Glucose (mg/dL),CV (%)
100.0,108.95596305338994,2.7369448457255623
