TIR (%),Avg Glucose (mg/dL),CV (%)
100.0,106.43997473963022,4.662178521260084
