TIR (%),Avg Glucose (mg/dL),CV (%)
100.0,107.27019672991446,2.8058273553481583
