TIR (%),Avg Glucose (mg/dL),CV (%)
100.0,107.74800731434493,2.8601683832046514
