TIR (%),Avg Glucose (mg/dL),CV (%)
100.0,108.6555825728887,2.9048586949325625
