TIR (%),Avg Glucose (mg/dL),CV (%)
100.0,108.65558913493898,2.90484701197209
