TIR (%),Avg Glucose (mg/dL),CV (%)
100.0,107.10724195152422,3.074223784577026
