TIR (%),Avg Glucose (mg/dL),CV (%)
100.0,106.93830468291631,3.96918553562339
