TIR (%),Avg Glucose (mg/dL),CV (%)
100.0,109.12633684154963,1.7211287921628633
