TIR (%),Avg Glucose (mg/dL),CV (%)
100.0,107.77764602126176,1.9553835167025282
