TIR (%),Avg Glucose (mg/dL),CV (%)
100.0,109.05009306591754,1.7161507971378467
