TIR (%),Avg Glucose (mg/dL),CV (%)
100.0,109.04391868914067,1.7108230790377679
