TIR (%),Avg Glucose (mg/dL),CV (%)
100.0,107.61068857963605,2.248255096292636
