TIR (%),Avg Glucose (mg/dL),CV (%)
100.0,108.26777261902583,1.9690839621658227
