TIR (%),Avg Glucose (mg/dL),CV (%)
100.0,109.04433053580908,1.709708600802258
