TIR (%),Avg Glucose (mg/dL),CV (%)
100.0,109.04921338764585,1.7048532369523102
