TIR (%),Avg Glucose (mg/dL),CV (%)
100.0,107.82397212737759,1.891480397222434
